Open Houses,Photo,MLS,AR,Type,S,Address,City,BR,Baths(FTHQ),SqFt,LP $/SqFt,LP,SP,HOD,Lot Sz,YB,DOM,latitude,longitude,unit_count
,24.0,224000532VC,11,SFR,S,2420   Frey AVE ,VENICE,2.0,2.00 (2 0 0 0),860.0,"$1,773.26","$1,525,000","$1,498,000",,"3,599",1955.0,63,33.98606,-118.4601681,
,32.0,23-228467,11,SFR,S,513   Grand Blvd ,Venice,4.0,4.00 (3 0 1 0),2522.0,"$1,110.23","$2,800,000","$2,800,000",,"2,701",2001.0,314,33.9883899,-118.4667843,
,64.0,23-253795,11,SFR,S,938   Amoroso Pl ,Venice,3.0,3.00 (2 0 1 0),2482.0,"$1,692.18","$4,200,000","$4,234,776",,"3,593",1947.0,23,33.9947521,-118.456903,
,7.0,23-261793,11,SFR,S,421   Carroll Canal  ,Venice,4.0,5.00 (5 0 0 0),3473.0,$660.81,"$2,295,000","$1,950,000",,"2,400",,272,33.9852556,-118.4665829,
,22.0,23-289647,11,SFR,S,641   Flower Ave ,Venice,3.0,3.00 (3 0 0 0),1504.0,"$1,326.46","$1,995,000","$2,000,000",,"5,798",1948.0,35,33.9989271,-118.4703653,
,18.0,23-292087,11,SFR,S,1246   Preston Way ,Venice,5.0,7.00 (5 0 2 0),7680.0,$416.02,"$3,195,000","$2,980,000",,"10,890",1952.0,41,34.0022629,-118.4555363,
,2.0,23-308227,11,SFR,S,2036   Glyndon Ave ,Venice,3.0,2.00 (2 0 0 0),1265.0,"$1,343.08","$1,699,000","$1,740,000",,"5,440",1957.0,13,34.0005341,-118.4526754,
,12.0,23-312003,11,SFR,S,710   Hampton Dr ,Venice,2.0,1.00 (1 0 0 0),855.0,"$1,695.91","$1,450,000","$1,350,000",,"3,080",1953.0,20,33.9941942,-118.474558,
,40.0,23-313907,11,SFR,S,2909   Ocean Ave ,Venice,2.0,2.00 (1 1 0 0),1609.0,"$1,239.90","$1,995,000","$1,900,000",,"5,041",1942.0,74,33.9833891,-118.4620748,
,33.0,23-314321,11,SFR,S,213   Howland Canal  ,Venice,3.0,4.00 (3 0 1 0),3764.0,"$1,301.81","$4,900,000","$4,900,000",,"2,850",2002.0,41,33.9830492,-118.4665265,
,1.0,23-314487,11,SFR,S,1215   7th Ave ,Venice,3.0,3.00 (3 0 0 0),2219.0,"$1,216.31","$2,699,000","$2,575,000",,"2,610",2009.0,147,33.9945516,-118.4641286,
,64.0,23-317763,11,SFR,S,752   Palms Blvd ,Venice,3.0,5.00 (3 0 2 0),3419.0,"$1,284.00","$4,390,000","$4,000,000",,"5,299",2015.0,27,33.9929601,-118.4617608,
,31.0,23-318839,11,SFR,S,1016   Nowita Pl ,Venice,3.0,2.00 (1 0 1 0),1283.0,"$1,285.27","$1,649,000","$1,575,000",,"4,778",1923.0,53,33.9970563,-118.4578493,
,26.0,23-320033,11,SFR,S,730   Superba Ave ,Venice,3.0,2.00 (2 0 0 0),2150.0,"$1,394.88","$2,999,000","$2,950,000",,"3,599",1940.0,60,33.992151,-118.4604458,
,1.0,23-322361,11,SFR,S,2337   MCKINLEY AVE ,VENICE,3.0,5.00 (3 1 1 0),3543.0,"$1,792.27","$6,350,000","$6,220,000",,"7,467",2002.0,78,33.9867647,-118.4628637,
,59.0,23-323865,11,SFR,S,732   Vernon Ave ,Venice,4.0,5.00 (4 0 1 0),3591.0,"$1,106.93","$3,975,000","$3,820,000",,"4,802",2014.0,71,33.9983533,-118.466927,
,19.0,23-324973,11,SFR,S,2207   Glencoe Ave ,Venice,4.0,3.00 (3 0 0 0),1832.0,"$1,525.66","$2,795,000","$2,675,000",,"5,590",1921.0,27,34.0062857,-118.4543453,
,1.0,23-326653,11,SFR,S,615   Boccaccio Ave ,Venice,4.0,3.00 (3 0 0 0),2934.0,"$1,244.04","$3,650,000","$3,490,000",,"4,001",2018.0,36,33.9890858,-118.4579022,
,1.0,23-328511,11,SFR,S,678   Marr St ,Venice,2.0,1.00 (1 0 0 0),0.0,$0,"$1,625,000","$1,585,000",,"4,413",1953.0,200,33.9876171,-118.4554321,
,33.0,23-331781,11,SFR,S,981   Lake St ,Venice,4.0,4.00 (2 2 0 0),2573.0,$969.69,"$2,495,000","$2,536,000",,"5,665",1955.0,92,34.0008345,-118.4614682,
,17.0,23-332437,11,SFR,S,614   Brooks Ave ,Venice,1.0,1.00 (1 0 0 0),720.0,"$2,291.67","$1,650,000","$1,575,000",,"5,203",1947.0,62,33.9955614,-118.4682954,
,37.0,23-333021,11,SFR,S,861   Venezia Ave ,Venice,3.0,2.00 (2 0 0 0),1716.0,"$1,104.31","$1,895,000","$1,830,000",,"5,501",1922.0,56,33.9931896,-118.4572836,
,1.0,23-333497,11,SFR,S,641   Crestmoore Pl ,Venice,2.0,3.00 (2 0 1 0),1912.0,"$1,304.92","$2,495,000","$2,519,000",,"4,201",1948.0,13,33.9887229,-118.4565536,
,35.0,23-333611,11,SFR,S,667   Washington Blvd ,Marina Del Rey,3.0,3.00 (3 0 0 0),1900.0,$894.74,"$1,700,000","$1,650,000",,"2,499",1979.0,58,33.9776848,-118.448647,
,1.0,23-334191,11,SFR,S,2446   Penmar Ave ,Venice,4.0,3.00 (3 0 0 0),,$0,"$1,999,888","$1,630,000",,"6,004",1952.0,48,33.9998041,-118.454909,
,1.0,23-336427,11,SFR,S,1517   Linden Ave ,Venice,4.0,3.00 (3 0 0 0),2574.0,"$1,668.61","$4,295,000","$4,155,000",,"5,403",,111,33.9949012,-118.4590435,
,1.0,23-337469,11,SFR,S,2446   LOUELLA AVE ,VENICE,5.0,5.00 (4 0 1 0),2825.0,$883.19,"$2,495,000","$2,495,000",,"5,849",1948.0,9,33.998927,-118.4502807,
,22.0,23-337707,11,SFR,S,112   Brooks Ave ,Venice,3.0,2.00 (2 0 0 0),1239.0,"$1,368.04","$1,695,000","$1,720,000",,"3,000",1907.0,7,33.9917789,-118.4748659,
,62.0,23-339523,11,SFR,S,960   Indiana Ave ,Venice,6.0,7.00 (6 0 1 0),5009.0,"$1,087.84","$5,449,000","$4,950,000",,"7,213",2023.0,40,34.0007815,-118.4624415,
,1.0,23-339627,11,SFR,S,851   Palms Blvd ,Venice,4.0,3.00 (3 0 0 0),1652.0,"$1,449.76","$2,395,000","$2,350,000",,"5,427",1950.0,77,33.9947887,-118.4607179,
,24.0,23-340481,11,SFR,S,341   5th Ave ,Venice,6.0,3.00 (3 0 0 0),4000.0,$998.75,"$3,995,000","$3,850,000",,"5,269",1921.0,54,33.997073,-118.4732563,
,30.0,23-341412,11,SFR,S,13419   Zanja St ,Venice,3.0,1.00 (1 0 0 0),1140.0,"$1,135.96","$1,295,000","$1,250,000",,"3,756",1953.0,11,33.995044,-118.4668875,
,65.0,23-342475,11,SFR,S,2915  S Grand Canal  ,Venice,3.0,4.00 (3 0 1 0),3310.0,"$1,435.05","$4,750,000","$4,600,000",,"3,084",1999.0,11,33.9841779,-118.466189,
,32.0,24-342841,11,SFR,S,857   Rose Ave ,Venice,3.0,1.00 (1 0 0 0),1029.0,"$1,841.59","$1,895,000","$1,850,000",,"5,006",1946.0,84,34.0019063,-118.4669676,
,50.0,24-343857,11,SFR,S,305   Venice Way ,Venice,4.0,4.00 (3 0 1 0),3555.0,$954.99,"$3,395,000","$3,225,000",,"2,041",2018.0,369,33.9874414,-118.4695407,
,32.0,24-344069,11,SFR,S,825   Indiana Ave ,Venice,3.0,3.00 (3 0 0 0),1475.0,"$1,423.73","$2,100,000","$2,100,000",,"4,800",1925.0,11,33.9986433,-118.4648834,
,1.0,24-344989,11,SFR,S,816   Angelus Pl ,Venice,3.0,1.00 (1 0 0 0),1192.0,"$1,447.15","$1,725,000","$1,665,000",,"4,211",1914.0,69,33.995044,-118.4668875,
,1.0,24-345031,11,SFR,S,2620   Naples Ave ,Venice,2.0,2.00 (1 0 1 0),1322.0,"$1,879.73","$2,485,000","$2,305,000",,"6,221",1924.0,32,33.9929202,-118.452616,
,59.0,24-345061,11,SFR,S,521   Rose Ave ,Venice,7.0,7.00 (5 0 2 0),3987.0,$902.68,"$3,599,000","$3,300,000",,"3,140",2017.0,56,33.9985317,-118.4733675,
,31.0,24-346473,11,SFR,S,335   5th Ave ,Venice,3.0,2.00 (2 0 0 0),1700.0,"$1,170.59","$1,990,000","$1,950,000",,"5,268",1913.0,85,33.997235,-118.4734185,
,1.0,24-346657,11,SFR,S,213   Rennie Ave ,Venice,4.0,3.00 (2 1 0 0),2373.0,"$1,472.82","$3,495,000","$3,470,000",,"4,135",1930.0,27,33.9995222,-118.4748677,
,18.0,24-346937,11,SFR,S,2405   Clement Ave ,Venice,2.0,1.00 (1 0 0 0),864.0,"$2,300.93","$1,988,000","$1,903,800",,"3,600",1956.0,32,33.9861153,-118.4611823,
,68.0,24-348039,11,SFR,S,977  S Lake St ,Los Angeles,6.0,6.00 (6 0 0 0),3381.0,$944.99,"$3,195,000","$3,133,300",,"5,664",1955.0,7,34.052737,-118.2807311,
,33.0,24-348203,11,SFR,S,1105   Indiana Ave ,Venice,3.0,2.00 (1 1 0 0),1400.0,"$1,285","$1,799,000","$1,599,000",,"5,001",1954.0,34,34.0043504,-118.4604934,
,24.0,24-349761,11,SFR,S,1147   Lake St ,Venice,4.0,3.00 (3 0 0 0),2637.0,$795.98,"$2,099,000","$2,090,000",,"6,384",1954.0,55,34.00405,-118.4592285,
,23.0,24-350399,11,SFR,S,817   Crestmoore Pl ,Venice,2.0,2.00 (2 0 0 0),1128.0,"$2,123.23","$2,395,000","$2,302,000",,"3,675",1923.0,27,33.9908211,-118.4550951,
,32.0,24-350847,11,SFR,S,733   Superba Ave ,Venice,2.0,2.00 (1 0 1 0),720.0,"$2,493.06","$1,795,000","$1,795,000",,"3,399",1924.0,21,33.9922582,-118.4605993,
,37.0,24-352527,11,SFR,S,1314   Preston Way ,Venice,3.0,2.00 (2 0 0 0),1611.0,"$1,797.02","$2,895,000","$2,874,000",,"7,960",1952.0,12,34.0030564,-118.454034,
,52.0,24-352695,11,SFR,S,449   28th Ave ,Venice,3.0,3.00 (2 0 1 0),3397.0,"$1,168.68","$3,970,000","$3,600,000",,"4,303",2007.0,12,33.9834209,-118.463896,
,46.0,24-356088,11,SFR,S,1342   Appleton Way ,Venice,3.0,6.00 (4 0 2 0),4703.0,"$1,312.99","$6,175,000","$6,175,000",,"10,891",2011.0,82,34.0043713,-118.4540194,
,41.0,24-358947,11,SFR,S,1071   Marco Pl ,Venice,4.0,5.00 (4 0 1 0),3054.0,"$1,112.64","$3,398,000","$3,398,000",,"4,002",2024.0,25,33.9961763,-118.4568147,
,30.0,24-359155,11,SFR,S,1126   Rose Ave ,Venice,4.0,5.00 (4 0 1 0),3186.0,$988.70,"$3,150,000","$3,150,000",,"6,006",2006.0,87,34.005061,-118.4605979,
,18.0,24-359893,11,SFR,S,1062   Marco Pl ,Venice,3.0,1.00 (1 0 0 0),1294.0,"$1,541.73","$1,995,000","$1,985,000",,"4,268",1925.0,19,33.9960877,-118.4566476,
,28.0,24-360323,11,SFR,S,1518   Glenavon Ave ,Venice,4.0,5.00 (4 0 1 0),3334.0,"$1,168.27","$3,895,000","$3,850,000",,"5,971",2017.0,29,34.0061458,-118.4551711,
,2.0,24-360735,11,SFR,S,2458   Glyndon Ave ,Venice,4.0,3.00 (3 0 0 0),2801.0,$998.93,"$2,798,000","$2,770,000",,"5,843",2003.0,6,34.0050998,-118.456603,
,35.0,24-363085,11,SFR,S,30   Wavecrest Ave ,Venice,4.0,3.00 (3 0 0 0),2111.0,"$1,492.18","$3,150,000","$2,650,000",,"2,699",1904.0,188,33.9899289,-118.4751493,
,1.0,24-363521,11,SFR,S,2416   Wilson Ave ,Venice,2.0,1.00 (1 0 0 0),700.0,"$1,928.57","$1,350,000","$1,400,000",,"3,599",1950.0,14,33.9862442,-118.4577529,
,43.0,24-364023,11,SFR,S,17   26th Ave ,Venice,4.0,5.00 (4 0 1 0),3397.0,"$1,146.60","$3,895,000","$3,656,250",,"2,639",1979.0,51,33.9820338,-118.4686162,
,15.0,24-365765,11,SFR,S,1057   Indiana Ave ,Venice,3.0,2.00 (2 0 0 0),1850.0,"$1,078.38","$1,995,000","$1,981,688",,"4,991",1957.0,116,34.0039948,-118.461145,
,2.0,24-366195,11,SFR,S,898   COMMONWEALTH AVE ,VENICE,3.0,5.00 (3 0 2 0),3898.0,"$1,513.60","$5,900,000","$5,000,000",,"10,226",2018.0,180,34.003904,-118.466416,
,1.0,24-366677,11,SFR,S,807   6th Ave ,Venice,2.0,1.00 (1 0 0 0),827.0,"$1,916.57","$1,585,000","$1,585,000",,"5,942",1949.0,10,33.9959284,-118.4693404,
,61.0,24-367417,11,SFR,S,248   Bernard Ave ,Venice,3.0,4.00 (4 0 0 0),3742.0,$948.42,"$3,549,000","$3,549,000",,"4,233",2015.0,59,34.0007355,-118.471205,
,40.0,24-367431,11,SFR,S,245   Windward Ave ,Venice,4.0,3.00 (2 0 1 0),1332.0,"$1,126.13","$1,499,999","$1,603,000",,"2,850",1921.0,21,33.9888182,-118.4700852,
,1.0,24-367443,11,SFR,S,822   California Ave ,Venice,4.0,6.00 (3 2 1 0),4283.0,$816.02,"$3,495,000","$3,495,000",,"4,726",2017.0,8,33.9954146,-118.4626088,
,1.0,24-367865,11,SFR,S,614   Victoria Ave ,Venice,4.0,3.00 (2 1 0 0),1778.0,"$1,065.80","$1,895,000","$1,995,000",,"4,001",1977.0,20,33.9894023,-118.4584634,
,1.0,24-368465,11,SFR,S,587   Grand Blvd ,Venice,4.0,2.00 (2 0 0 0),2251.0,"$1,443.80","$3,250,000","$2,970,000",,"5,266",1910.0,118,33.9885015,-118.465047,
,32.0,24-369267,11,SFR,S,806   Valita St ,Venice,4.0,5.00 (4 0 1 0),2880.0,"$1,039.93","$2,995,000","$2,870,000",,"5,096",2023.0,25,34.001605,-118.461692,
,19.0,24-369563,11,SFR,S,839   Milwood Ave ,Venice,2.0,1.00 (1 0 0 0),918.0,"$1,955.34","$1,795,000","$1,735,000",,"4,378",1915.0,4,33.9951533,-118.4617415,
,2.0,24-370261,11,SFR,S,2478   Louella Ave ,Venice,0.0,0.00 (0 0 0 0),,$0,"$1,598,000","$1,600,000",,"5,198",1922.0,19,33.998927,-118.4502807,
,1.0,24-370315,11,SFR,S,760   Sunset Ave ,Venice,3.0,4.00 (3 0 1 0),2145.0,"$1,235.43","$2,650,000","$2,500,000",,"2,472",2018.0,35,33.999329,-118.4669823,
,38.0,24-370385,11,SFR,S,911   Milwood Ave ,Venice,4.0,4.00 (4 0 0 0),3374.0,"$1,243.33","$4,195,000","$4,061,200",,"4,375",1922.0,18,33.9961463,-118.4610515,
,1.0,24-370879,11,SFR,S,966   Sunset Ave ,Venice,2.0,2.00 (2 0 0 0),2679.0,$800.67,"$2,145,000","$1,973,520",,"6,530",1960.0,17,34.001837,-118.4640077,
,35.0,24-371465,11,SFR,S,2429   Eastern Canal  ,Venice,2.0,2.00 (1 1 0 0),1100.0,"$2,131.82","$2,345,000","$2,325,000",,"2,700",1977.0,22,33.9851716,-118.4639949,
,43.0,24-374035,11,SFR,S,1017   Amoroso Pl ,Venice,4.0,3.00 (3 0 0 0),2089.0,$859.26,"$1,795,000","$1,795,000",,"4,362",1952.0,15,33.9960082,-118.4558843,
,18.0,24-374267,11,SFR,S,923   Milwood Ave ,Venice,2.0,1.00 (1 0 0 0),880.0,"$1,863.64","$1,640,000","$1,550,000",,"4,250",1920.0,89,33.9962679,-118.4609669,
,19.0,24-374707,11,SFR,S,1141   Palms Blvd ,Venice,3.0,2.00 (2 0 0 0),1375.0,"$1,447.27","$1,990,000","$1,894,000",,"5,753",1924.0,76,34.0003164,-118.4571293,
,19.0,24-374786,11,SFR,S,2229   Walnut Ave ,Venice,4.0,5.00 (4 0 1 0),3317.0,"$1,023.52","$3,395,000","$3,142,513",,"5,863",1965.0,86,33.9975794,-118.4519614,
,25.0,24-375573,11,SFR,S,1337   PALMS BLVD ,VENICE,3.0,3.00 (1 1 1 0),3276.0,"$1,022.59","$3,350,000","$3,400,000",,"10,895",2001.0,24,33.999325,-118.4577264,
,20.0,24-376711,11,SFR,S,1214   Victoria Ave ,Venice,2.0,1.00 (1 0 0 0),896.0,"$1,562.50","$1,400,000","$1,400,000",,"4,598",1925.0,0,33.997782,-118.452478,
,1.0,24-378047,11,SFR,S,708   Sunset Ave ,Venice,3.0,2.00 (2 0 0 0),1495.0,"$1,249.50","$1,868,000","$1,810,389",,"5,124",1947.0,162,33.9988454,-118.4678938,
,27.0,24-379385,11,SFR,S,2429   Mckinley Ave ,Venice,2.0,1.00 (1 0 0 0),1080.0,"$1,435.19","$1,550,000","$1,500,000",,"3,901",1950.0,91,33.9858341,-118.4627779,
,1.0,24-379603,11,SFR,S,2233   Glyndon Ave ,Venice,4.0,4.00 (4 0 0 0),3338.0,"$1,123.43","$3,750,000","$3,750,000",,"5,850",2009.0,1,33.9980299,-118.4509959,
,1.0,24-380911,11,SFR,S,237   6th Ave ,Venice,3.0,2.00 (2 0 0 0),1458.0,"$1,361.45","$1,985,000","$1,925,000",,"4,139",1947.0,20,34.0000021,-118.4730358,
,34.0,24-381307,11,SFR,S,618   Palms Blvd ,Venice,2.0,1.00 (1 0 0 0),780.0,"$2,044.87","$1,595,000","$1,700,000",,"2,714",1947.0,8,33.9910315,-118.4631009,
,35.0,24-382821,11,SFR,S,2209   Superior Ave ,Venice,5.0,6.00 (5 0 1 0),3772.0,"$1,325.42","$4,999,500","$4,550,000",,"7,024",1934.0,81,33.996409,-118.4536871,
,21.0,24-383695,11,SFR,S,662   Vernon Ave ,Venice,2.0,1.00 (1 0 0 0),790.0,"$2,018.99","$1,595,000","$1,575,000",,"4,802",1919.0,29,33.9976463,-118.4682584,
,70.0,24-383719,11,SFR,S,2203   Marian Pl ,Venice,6.0,4.00 (4 0 0 0),4048.0,$913.78,"$3,699,000","$3,300,000",,"11,496",1905.0,145,33.9936408,-118.4556744,
,1.0,24-386403,11,SFR,S,2511   Pacific Ave ,Venice,1.0,1.00 (1 0 0 0),480.0,"$2,593.75","$1,245,000","$1,275,000",,"2,640",1921.0,30,33.9824872,-118.4681142,
,34.0,24-386631,11,SFR,S,1183   Nelrose Ave ,Venice,4.0,2.00 (2 0 0 0),2720.0,$733.46,"$1,995,000","$2,013,123",,"4,442",1947.0,67,33.9841779,-118.466189,
,39.0,24-386791,11,SFR,S,1385   Palms Blvd ,Venice,4.0,6.00 (6 0 0 0),4012.0,"$1,196.16","$4,799,000","$4,670,680",,"8,174",2016.0,37,33.999325,-118.4577264,
,36.0,24-387143,11,SFR,S,2103   Walnut Ave ,Venice,4.0,3.00 (3 0 0 0),2709.0,"$1,068.66","$2,895,000","$2,850,000",,"5,543",2024.0,69,33.9990216,-118.4530632,
,1.0,24-387159,11,SFR,S,2025   Walnut Ave ,Venice,3.0,2.00 (2 0 0 0),1692.0,"$1,063.83","$1,800,000","$1,800,000",,"8,046",1953.0,0,34.0000893,-118.4538798,
,30.0,24-387319,11,SFR,S,39   23rd Ave ,Venice,2.0,1.00 (1 0 0 0),1021.0,"$1,762.00","$1,799,000","$1,810,000",,"2,642",1956.0,20,33.9836807,-118.469813,
,30.0,24-387425,11,SFR,S,1026   Amoroso Pl ,Venice,3.0,3.00 (2 1 0 0),1739.0,"$1,118.46","$1,945,000","$1,681,500",,"5,865",1925.0,152,33.9960651,-118.4556167,
,2.0,24-388729,11,SFR,S,1096   Superba Ave ,Venice,3.0,3.00 (2 0 1 0),1756.0,"$1,363.90","$2,395,000","$2,430,000",,"4,805",1937.0,7,33.9980474,-118.4561951,
,30.0,24-389307,11,SFR,S,2342   Beach Ave ,Venice,2.0,1.00 (1 0 0 0),600.0,"$1,825","$1,095,000","$1,225,000",,"1,871",1923.0,84,33.9867219,-118.4635264,
,1.0,24-389421,11,SFR,S,2494   Glencoe Ave ,Venice,3.0,2.00 (2 0 0 0),1305.0,"$1,528.74","$1,995,000","$2,050,000",,"5,852",1953.0,19,34.0062857,-118.4543453,
,1.0,24-390503,11,SFR,S,338   Rennie Ave #C,Venice,3.0,3.00 (2 0 1 0),2241.0,$979.47,"$2,195,000","$2,126,500",,"2,153",2014.0,109,33.997771,-118.4723971,
,32.0,24-390511,11,SFR,S,329   28th Ave ,Venice,2.0,2.00 (2 0 0 0),1518.0,"$1,218.71","$1,850,000","$1,715,000",,"4,221",1941.0,4,33.9824411,-118.4655099,
,20.0,24-390921,11,SFR,S,1146   Grant Ave ,Venice,4.0,4.00 (3 0 1 0),2486.0,"$1,106.19","$2,750,000","$2,688,750",,"4,197",1929.0,42,33.9841779,-118.466189,
,25.0,24-391707,11,SFR,S,104   Paloma Ave ,Venice,2.0,2.00 (1 0 0 1),1440.0,"$1,038.19","$1,495,000","$1,550,000",,"2,557",1906.0,2,33.9943751,-118.4773486,
,42.0,24-391847,11,SFR,S,924   Superba Ave ,Venice,3.0,3.00 (2 0 0 1),1200.0,"$1,579.17","$1,895,000","$1,959,000",,"3,601",1923.0,27,33.9951735,-118.4583451,
,8.0,24-392343,11,SFR,S,709   Vernon Ave ,Venice,5.0,4.00 (4 0 0 0),2300.0,$826.09,"$1,900,000","$1,600,000",,"4,802",1925.0,25,33.9983128,-118.4673712,
,1.0,24-393033,11,SFR,S,1805   Shell Avenue  ,Venice,3.0,3.00 (3 0 0 0),1426.0,"$1,051.19","$1,499,000","$1,405,000",,"4,156",,144,33.9911313,-118.4607529,
,29.0,24-393125,11,SFR,S,2031   Penmar Ave ,Venice,2.0,2.00 (2 0 0 0),988.0,"$1,594.13","$1,575,000","$1,508,500",,"4,467",1923.0,40,33.9994015,-118.4547022,
,37.0,24-395397,11,SFR,S,628   Crestmoore Pl ,Venice,2.0,1.00 (1 0 0 0),779.0,"$1,795.89","$1,399,000","$1,460,000",,"2,923",1926.0,8,33.9885125,-118.4564718,
,30.0,24-395461,11,SFR,S,736  E Sunset Ave ,Venice,4.0,5.00 (5 0 0 0),4340.0,$714.29,"$3,100,000","$3,100,000",,"4,804",2019.0,99,33.9973503,-118.4709311,
,1.0,24-395551,11,SFR,S,816   Vernon Ave ,Venice,2.0,1.00 (1 0 0 0),968.0,"$1,337.81","$1,295,000","$1,296,787",,"4,802",1939.0,24,33.9989814,-118.465743,
,44.0,24-396263,11,SFR,S,704   Superba Ave ,Venice,3.0,4.00 (3 0 1 0),1902.0,"$1,574.66","$2,995,000","$3,187,538",,"4,075",1948.0,2,33.991551,-118.4608627,
,21.0,24-396385,11,SFR,S,1101   Indiana Ave ,Venice,3.0,2.00 (2 0 0 0),1616.0,"$1,107.05","$1,789,000","$1,774,000",,"7,630",1954.0,2,34.0043215,-118.4605482,
,59.0,24-396413,11,SFR,S,300  S Venice Blvd ,Venice,3.0,4.00 (3 0 1 0),2009.0,"$1,067.70","$2,145,000","$2,050,000",,"1,403",2008.0,219,33.9852891,-118.4681279,
,14.0,24-397069,11,SFR,S,2913   Sanborn Ave ,Venice,3.0,1.00 (1 0 0 0),1076.0,"$1,579.00","$1,699,000","$1,600,000",,"4,442",1941.0,53,33.9817243,-118.4652242,
,34.0,24-398739,11,SFR,S,858   Flower Ave ,Venice,3.0,2.00 (2 0 0 0),1501.0,"$1,215.86","$1,825,000","$1,750,000",,"4,398",1946.0,16,34.0015778,-118.4650024,
,57.0,24-400977,11,SFR,S,721   Indiana Ave ,Venice,4.0,3.00 (3 0 0 0),2670.0,"$1,009.36","$2,695,000","$2,874,500",,"4,800",1925.0,10,33.9977725,-118.4665227,
,38.0,24-401293,11,SFR,S,749   Brooks Ave ,Venice,3.0,2.00 (1 0 1 0),1180.0,"$1,398.31","$1,650,000","$1,550,000",,"5,129",1933.0,322,33.9973547,-118.4653012,
,19.0,24-401737,11,SFR,S,2306   Glencoe Ave ,Venice,3.0,2.00 (1 0 1 0),1125.0,"$1,533.33","$1,725,000","$1,620,000",,"5,858",1947.0,41,34.0062857,-118.4543453,
,34.0,24-402755,11,SFR,S,2030   Penmar Ave ,Venice,4.0,3.00 (2 0 1 0),2429.0,$740.63,"$1,799,000","$1,800,000",$842.00,"62,999",1996.0,8,33.9991926,-118.4543039,
,1.0,24-403021,11,SFR,S,600   Courtland St ,Venice,3.0,2.00 (2 0 0 0),2060.0,$867.48,"$1,787,000","$1,703,000",,"6,704",1957.0,53,34.004205,-118.462287,
,1.0,24-403231,11,SFR,S,1744   Washington Way ,Venice,3.0,3.00 (3 0 0 0),1940.0,"$1,726.80","$3,350,000","$3,260,000",,"4,204",1925.0,43,33.9876147,-118.4634054,
,17.0,24-403275,11,SFR,S,431   28th Ave ,Venice,2.0,1.00 (1 0 0 0),1113.0,"$1,617.21","$1,799,950","$1,763,000",,"4,301",1942.0,82,33.983328,-118.464049,
,2.0,24-403641,11,SFR,S,733   Appleby St ,Venice,4.0,4.00 (3 0 1 0),2200.0,"$1,225","$2,695,000","$2,550,000",,"5,023",2024.0,99,34.0025307,-118.4623279,
,1.0,24-404003,11,SFR,S,2319   Glencoe Ave ,Venice,4.0,5.00 (4 0 1 0),3155.0,$949.29,"$2,995,000","$2,900,000",,"6,112",,73,34.0062857,-118.4543453,
,27.0,24-404074,11,SFR,S,2900   Beach Ave ,Venice,3.0,2.00 (2 0 0 0),,$0,"$2,825,000","$2,850,000",,"3,664",1947.0,11,33.983906,-118.4610706,
,2.0,24-405385,11,SFR,S,437   Linnie Canal  ,Venice,2.0,3.00 (3 0 0 0),2052.0,"$1,461.50","$2,999,000","$2,799,999",,"2,854",1924.0,48,33.9855132,-118.4643986,
,27.0,24-405855,11,SFR,S,2433   Bryan Ave ,Venice,2.0,2.00 (1 1 0 0),1271.0,"$1,454.76","$1,849,000","$1,775,000",,"3,872",1956.0,106,33.9861637,-118.4571331,
,38.0,24-406127,11,SFR,S,919   Flower Ave ,Venice,3.0,3.00 (1 2 0 0),1702.0,"$1,172.15","$1,995,000","$1,995,000",,"5,838",1961.0,13,34.0020415,-118.4645148,
,16.0,24-406145,11,SFR,S,2326   Louella Ave ,Venice,5.0,5.00 (4 0 1 0),3436.0,"$1,000","$3,436,000","$3,300,000",,"6,107",1912.0,147,33.9973857,-118.4489605,
,1.0,24-407319,11,SFR,S,2237   Glyndon Ave ,Venice,3.0,3.00 (1 1 1 0),1713.0,"$1,164.62","$1,995,000","$1,850,000",,"5,851",1921.0,20,33.9979864,-118.4509626,
,19.0,24-408629,11,SFR,S,214   Linnie Canal  ,Venice,3.0,3.00 (3 0 0 0),1992.0,$991.47,"$1,975,000","$2,305,000",,"2,847",1988.0,12,33.9843062,-118.4675929,
,56.0,24-409461,11,SFR,S,2228   Prospect Ave ,Venice,2.0,2.00 (2 0 0 0),1516.0,"$1,250","$1,895,000","$1,895,000",,"5,248",1936.0,73,33.9957013,-118.4536886,
,32.0,24-410311,11,SFR,S,1109   Amoroso Pl ,Venice,4.0,4.00 (3 1 0 0),2876.0,"$1,095.27","$3,150,000","$3,050,000",,"4,332",2015.0,36,33.997286,-118.454995,
,36.0,24-410439,11,SFR,S,901   Flower Ave ,Venice,4.0,4.00 (3 0 1 0),3820.0,"$1,307.59","$4,995,000","$4,995,000",,"7,296",2017.0,27,34.001989,-118.464603,
,50.0,24-410655,11,SFR,S,634   Brooks Ave ,Venice,5.0,6.00 (5 0 1 0),4295.0,"$1,279.86","$5,497,000","$5,100,000",,"5,195",2019.0,83,33.9958163,-118.467816,
,27.0,24-411955,11,SFR,S,1519   Louella Ave ,Venice,4.0,5.00 (4 0 1 0),3376.0,"$1,183.35","$3,995,000","$3,800,000",,"5,956",2016.0,81,34.0056675,-118.456092,
,40.0,24-412183,11,SFR,S,708   Brooks Ave ,Venice,3.0,2.00 (2 0 0 0),1900.0,"$1,207.89","$2,295,000","$2,280,000",,"5,206",1924.0,11,33.9968411,-118.4658924,
,28.0,24-412209,11,SFR,S,636   Vernon Ave ,Venice,2.0,2.00 (1 0 1 0),1044.0,"$1,579.50","$1,649,000","$1,650,000",,"4,803",1908.0,9,33.9974045,-118.4687137,
,34.0,24-413229,11,SFR,S,425   Sherman Canal  ,Venice,4.0,4.00 (3 0 1 0),3200.0,"$1,328.13","$4,250,000","$4,100,000",,"2,850",2001.0,39,33.9832433,-118.4646383,
,30.0,24-415477,11,SFR,S,216   Westminster Ave ,Venice,2.0,2.00 (2 0 0 0),1464.0,"$1,263.66","$1,850,000","$1,700,000",,"2,708",1912.0,151,33.9903764,-118.4719612,
,49.0,24-417027,11,SFR,S,1078   Superba Ave ,Venice,4.0,5.00 (3 1 1 0),2460.0,"$1,329.27","$3,270,000","$3,200,000",,"4,802",1941.0,30,33.9977405,-118.4564086,
,11.0,24-417187,11,SFR,S,2306   Glyndon Ave ,Venice,1.0,1.00 (1 0 0 0),816.0,"$2,144.61","$1,750,000","$1,700,000",,"6,104",1921.0,12,33.9971239,-118.450069,
,43.0,24-417295,11,SFR,S,520   Altair Pl ,Venice,3.0,3.00 (3 0 0 0),1048.0,"$2,189.89","$2,295,000","$2,080,000",,"2,707",1912.0,70,33.9896871,-118.4669773,
,1.0,24-418327,11,SFR,S,2424   Cloy Ave ,Venice,3.0,2.00 (2 0 0 0),1238.0,"$1,514.54","$1,875,000","$1,955,000",,"3,597",1950.0,15,33.986082,-118.4593586,
,1.0,24-420063,11,SFR,S,2915   Grayson Ave ,Venice,2.0,2.00 (1 1 0 0),1344.0,"$1,856.40","$2,495,000","$2,359,970",,"5,099",1949.0,35,33.9831372,-118.4629363,
,23.0,24-421451,11,SFR,S,1020   Oakwood Ave ,Venice,3.0,2.00 (2 0 0 0),1180.0,"$1,355.08","$1,599,000","$1,650,000",,"3,808",1908.0,7,33.9962937,-118.4644293,
,1.0,24-421881,11,SFR,S,923   Sunset Ave ,Venice,4.0,4.00 (3 0 1 0),2317.0,"$1,076.82","$2,495,000","$2,500,000",,"5,838",1961.0,5,34.0024132,-118.4638361,
,73.0,24-422217,11,SFR,S,43   Dudley Ave ,Venice,4.0,3.00 (2 1 0 0),1884.0,"$1,326.96","$2,500,000","$2,416,000",,"3,081",1907.0,45,33.994615,-118.4789828,
,41.0,24-427493,11,SFR,S,1433   Cabrillo Ave ,Venice,3.0,2.00 (1 0 1 0),1266.0,"$1,578.99","$1,999,000","$1,882,000",,"2,550",1913.0,40,33.9898201,-118.465895,
,13.0,24-427665,11,SFR,S,2025   Walnut Ave ,Venice,4.0,5.00 (4 0 1 0),4132.0,"$1,015.25","$4,195,000","$4,195,000",,"8,046",2025.0,50,34.0000893,-118.4538798,
,17.0,24-428055,11,SFR,S,846   Commonwealth Ave ,Venice,2.0,2.00 (2 0 0 0),1260.0,"$1,586.51","$1,999,000","$1,851,000",,"4,401",1941.0,69,34.0030211,-118.4680795,
,22.0,24-428273,11,SFR,S,1217   Elm St ,Venice,4.0,5.00 (5 0 0 0),1525.0,"$1,373.77","$2,095,000","$2,050,000",,"4,388",1952.0,44,33.995044,-118.4668875,
,1.0,24-428469,11,SFR,S,2481   Glyndon Ave ,Venice,3.0,3.00 (1 1 1 0),2205.0,$860.77,"$1,898,000","$1,812,000",,"7,787",1922.0,15,34.0003191,-118.4526392,
,46.0,24-428667,11,SFR,S,1412   Oakwood Ave ,Venice,2.0,2.00 (1 1 0 0),1161.0,"$1,459.95","$1,695,000","$1,705,000",,"3,604",1919.0,38,33.994532,-118.462527,
,16.0,24-430227,11,SFR,S,1817   Penmar Ave  ,Venice,1.0,2.00 (1 0 1 0),994.0,"$1,554.33","$1,545,000","$1,545,000",$401.00,"1,330",2023.0,69,34.0013988,-118.4560284,
,2.0,24-430835,11,SFR,S,232   Carroll Canal  ,Venice,5.0,5.00 (4 0 1 0),3816.0,"$1,650.42","$6,298,000","$5,850,000",,"2,848",2016.0,56,33.9845821,-118.4677146,
,15.0,24-430941,11,SFR,S,1414   Glenavon Ave ,Venice,5.0,3.00 (3 0 0 0),2584.0,$734.91,"$1,899,000","$1,755,000",,"8,304",1962.0,79,34.0069557,-118.4551816,
,24.0,24-431483,11,SFR,S,613   Boccaccio Ave ,Venice,3.0,4.00 (4 0 0 0),2600.0,"$1,115.38","$2,900,000","$2,820,000",,"4,000",1925.0,87,33.9890684,-118.4579143,
,45.0,24-431683,11,SFR,S,922   Palms Blvd ,Venice,3.0,4.00 (3 0 1 0),2091.0,"$1,384.51","$2,895,000","$2,680,000",,"5,302",1921.0,133,33.9957249,-118.4598389,
,1.0,24-433195,11,SFR,S,625   Mildred Ave ,Venice,3.0,3.00 (3 0 0 0),1980.0,"$1,035.35","$2,050,000","$2,050,000",$0.00,"7,523",1981.0,0,33.987263,-118.462662,
,1.0,24-435619,11,SFR,S,1802   Shell Ave ,Venice,3.0,2.00 (2 0 0 0),1927.0,"$1,295.80","$2,497,000","$2,400,000",,"3,505",1939.0,26,33.9912752,-118.4608851,
,9.0,24-436317,11,SFR,S,2555   Walnut Ave ,Venice,2.0,1.00 (1 0 0 0),956.0,"$1,307.53","$1,250,000","$1,270,000",,"5,211",1948.0,5,33.9973272,-118.4516669,
,31.0,24-436421,11,SFR,S,2004   Louella Ave ,Venice,4.0,5.00 (4 0 1 0),2926.0,"$1,452.49","$4,250,000","$3,950,000",,"5,464",2016.0,142,34.0013896,-118.4520213,
,37.0,24-438177,11,SFR,S,776   Sunset Ave ,Venice,4.0,4.00 (1 2 1 0),1954.0,"$1,356.19","$2,650,000","$2,635,000",,"4,804",1948.0,42,33.9994778,-118.4667018,
,25.0,24-438879,11,SFR,S,821   Venezia Ave ,Venice,3.0,2.00 (2 0 0 0),1409.0,"$1,486.87","$2,095,000","$2,030,000",,"3,678",1924.0,69,33.9926219,-118.4576779,
,40.0,24-439190,11,SFR,S,2543   Walnut Ave ,Venice,4.0,5.00 (2 2 1 0),3316.0,$829.31,"$2,750,000","$2,740,000",,"6,098",2021.0,70,33.9973272,-118.4516669,
,70.0,24-439765,11,SFR,S,644   Brooks Ave ,Venice,4.0,6.00 (2 3 1 0),5287.0,$803.86,"$4,250,000","$3,975,000",,"5,195",2015.0,8,33.9959438,-118.4675763,
,38.0,24-440843,11,SFR,S,24   25th Ave ,Venice,2.0,2.00 (2 0 0 0),1050.0,"$1,785.71","$1,875,000","$1,750,000",,"2,643",1949.0,55,33.982442,-118.4689081,
,32.0,24-441407,11,SFR,S,1314   Preston Way ,Venice,3.0,2.00 (2 0 0 0),1611.0,"$1,675.36","$2,699,000","$2,651,000",,"7,944",1952.0,16,34.0030564,-118.454034,
,2.0,24-441423,11,SFR,S,125  S Venice Blvd ,Venice,4.0,4.00 (3 0 1 0),2558.0,"$1,121.58","$2,869,000","$2,750,000",,"3,195",1981.0,49,33.9848127,-118.4692491,
,37.0,24-442193,11,SFR,S,860   Superba Ave ,Venice,3.0,3.00 (3 0 0 0),1900.0,"$1,552.63","$2,950,000","$2,950,000",,"3,420",1920.0,28,33.994071,-118.4591116,
,21.0,24-442341,11,SFR,S,934   Amoroso Pl ,Venice,4.0,4.00 (3 0 1 0),2556.0,"$1,132.63","$2,895,000","$2,800,000",,"3,594",2018.0,68,33.9946938,-118.4569435,
,34.0,24-442443,11,SFR,S,214   Howland Canal  ,Venice,3.0,3.00 (1 1 1 0),1830.0,"$1,904.37","$3,485,000","$3,258,000",,"2,851",1979.0,115,33.9831869,-118.4666348,
,1.0,24-442609,11,SFR,S,911   Nowita Pl ,Venice,4.0,4.00 (3 0 1 0),3265.0,"$1,527.41","$4,987,000","$4,600,000",,"2,975",1921.0,21,33.9953539,-118.459283,
,35.0,24-442653,11,SFR,S,330   Venice Way ,Venice,3.0,3.00 (1 1 1 0),1552.0,"$1,320.88","$2,050,000","$2,075,000",,"2,285",1952.0,125,33.9872866,-118.4692954,
,31.0,24-442855,11,SFR,S,736   Nowita Pl ,Venice,2.0,2.00 (2 0 0 0),1234.0,"$2,021.88","$2,495,000","$2,390,000",,"3,400",1925.0,126,33.9925292,-118.4610216,
,52.0,24-443935,11,SFR,S,2457   Walgrove Ave ,Los Angeles,3.0,2.00 (2 0 0 0),,$0,"$1,465,000","$1,680,000",,"6,761",1920.0,9,33.9955359,-118.4451486,
,33.0,24-444869,11,SFR,S,1525   Glenavon Ave ,Venice,2.0,2.00 (2 0 0 0),1284.0,"$1,323.21","$1,699,000","$1,852,000",,"6,050",1949.0,8,34.0060151,-118.4553055,
,1.0,24-445157,11,SFR,S,844   CALIFORNIA AVE ,VENICE,3.0,3.00 (2 1 0 0),2265.0,$993.38,"$2,250,000","$2,225,000",$0.00,"2,533",2009.0,12,33.9958574,-118.4623015,
,57.0,24-445369,11,SFR,S,905   Harding Ave ,Venice,5.0,4.00 (3 0 1 0),4200.0,"$1,258.33","$5,285,000","$4,998,000",,"13,679",1906.0,3,33.9918961,-118.4538563,
,42.0,24-445447,11,SFR,S,1513   Louella Ave ,Venice,4.0,5.00 (1 3 1 0),3088.0,"$1,246.76","$3,850,000","$3,500,000",,"5,956",1949.0,100,34.0057107,-118.456125,
,32.0,24-445705,11,SFR,S,1530   Louella Ave ,Venice,3.0,3.00 (2 1 0 0),2195.0,"$1,227.79","$2,695,000","$2,540,000",,"5,899",1949.0,12,34.0056692,-118.455859,
,35.0,24-446905,11,SFR,S,1036   Marco Pl ,Venice,3.0,3.00 (3 0 0 0),1658.0,"$1,504.83","$2,495,000","$2,450,000",,"4,269",1923.0,60,33.9960693,-118.4566604,
,21.0,24-448199,11,SFR,S,651   Broadway St ,Venice,2.0,2.00 (1 1 0 0),1182.0,"$1,226.73","$1,450,000","$1,450,000",,"5,198",1907.0,35,33.9954478,-118.4669134,
,2.0,24-448349,11,SFR,S,2107   Walnut Ave ,Venice,4.0,3.00 (2 1 0 0),2000.0,"$1,347.50","$2,695,000","$2,735,000",,"5,787",1927.0,12,33.9989829,-118.4530336,
,39.0,24-448665,11,SFR,S,201   Bernard Ave ,Venice,3.0,2.00 (1 1 0 0),1432.0,"$1,536.31","$2,200,000","$2,050,000",,"4,232",1937.0,25,34.001405,-118.472125,
,38.0,24-449425,11,SFR,S,749   Indiana Ave ,Venice,3.0,3.00 (1 0 2 0),1788.0,"$1,370.25","$2,450,000","$2,203,250",,"4,800",1928.0,118,33.9980069,-118.4660814,
,50.0,24-451461,11,SFR,S,2815   Ocean Ave ,Venice,3.0,4.00 (3 0 1 0),2216.0,"$1,396.66","$3,095,000","$3,250,000",,"5,040",1941.0,62,33.9837778,-118.4623988,
,36.0,24-451565,11,SFR,S,845   Warren Ave ,Venice,4.0,3.00 (3 0 0 0),2681.0,"$1,063.04","$2,850,000","$3,000,000",,"4,401",2014.0,11,34.0025804,-118.4675092,
,36.0,24-451675,11,SFR,S,2901   Grayson Ave ,Venice,3.0,4.00 (3 0 1 0),2324.0,"$1,499.57","$3,485,000","$3,620,000",,"5,097",2015.0,97,33.9831863,-118.4629793,
,48.0,24-453063,11,SFR,S,2412   Clark Ave ,Venice,4.0,4.00 (4 0 0 0),3077.0,"$1,299.97","$4,000,000","$3,975,000",,"3,600",2024.0,10,33.9841779,-118.466189,
,21.0,24-453815,11,SFR,S,1102   Grant Ave ,Venice,3.0,3.00 (3 0 0 0),2425.0,"$1,111.34","$2,695,000","$2,647,500",,"4,095",1926.0,86,33.9841779,-118.466189,
,19.0,24-455487,11,SFR,S,532   Rialto Ave ,Venice,3.0,2.00 (1 1 0 0),1134.0,"$1,759.26","$1,995,000","$2,050,000",,"2,552",1923.0,48,33.9890332,-118.4661961,
,47.0,24-455959,11,SFR,S,2038   Glyndon Ave ,Venice,5.0,7.00 (5 0 2 0),,$0,"$5,845,000","$5,135,000",,"5,440",2024.0,77,34.0005114,-118.452658,
,23.0,24-456561,11,SFR,S,118   Wavecrest Ave ,Venice,3.0,3.00 (2 0 1 0),1596.0,"$1,535.09","$2,450,000","$2,450,000",,"2,250",2007.0,26,33.9908247,-118.4740578,
,28.0,24-457299,11,SFR,S,748   Palms Blvd ,Venice,4.0,4.00 (3 0 0 1),,$0,"$4,995,000","$4,875,000",,"5,301",1960.0,51,33.9928973,-118.4618044,
,1.0,24-457909,11,SFR,S,832   Milwood Ave ,Venice,5.0,6.00 (5 0 1 0),3300.0,"$1,439.39","$4,750,000","$4,630,000",,"4,265",2018.0,0,33.9950035,-118.4616175,
,40.0,24-458859,11,SFR,S,330   Rennie Ave #4,Venice,2.0,4.00 (1 1 2 0),2125.0,"$1,105.88","$2,350,000","$2,295,000",$173.50,"1,596",2021.0,6,33.997771,-118.4723971,
,17.0,24-459711,11,SFR,S,635   Venice Blvd ,Venice,2.0,2.00 (2 0 0 0),990.0,"$1,363.64","$1,350,000","$1,385,000",,"4,412",1907.0,17,33.9895942,-118.4609855,
,24.0,24-460717,11,SFR,S,1050   Harrison Ave ,Venice,2.0,1.00 (1 0 0 0),745.0,"$1,677.85","$1,250,000","$1,150,000",,"2,125",1952.0,31,33.9895331,-118.450691,
,20.0,24-462001,11,SFR,S,609   Boccaccio Ave ,Venice,3.0,2.00 (2 0 0 0),1655.0,"$1,507.55","$2,495,000","$2,360,000",,"4,000",1924.0,48,33.9890336,-118.4579386,
,58.0,24-463645,11,SFR,S,838   Commonwealth Ave ,Venice,4.0,3.00 (2 1 0 0),1650.0,$906.06,"$1,495,000","$1,681,400",,"4,401",1950.0,10,34.0028852,-118.4683354,
,22.0,24-463963,11,SFR,S,923   Milwood Ave ,Venice,2.0,1.00 (1 0 0 0),,$0,"$1,950,000","$1,950,000",,"4,250",1920.0,4,33.9962679,-118.4609669,
,44.0,24-466641,11,SFR,S,506   Westminster Ave ,Venice,0.0,0.00 (0 0 0 0),5744.0,$557.10,"$3,200,000","$2,700,000",,"5,202",,141,33.9928686,-118.4694396,
,32.0,24-467181,11,SFR,S,2425   Frey Ave ,Venice,4.0,3.00 (3 0 0 0),2640.0,"$1,039.77","$2,745,000","$2,690,000",,"3,604",1949.0,19,33.9860182,-118.4603623,
,1.0,24-467707,11,SFR,S,724   Superba Ave ,Venice,5.0,4.00 (4 0 0 0),2438.0,"$1,183.35","$2,885,000","$2,885,000",,"3,599",1950.0,24,33.9920756,-118.4604981,
,38.0,24-467765,11,SFR,S,656   San Juan Ave ,Venice,4.0,5.00 (4 0 1 0),4176.0,$826.15,"$3,450,000","$3,250,000",,"5,203",2020.0,62,33.9939734,-118.4653926,
,36.0,24-468547,11,SFR,S,1000   Harding Ave ,Venice,3.0,2.00 (2 0 0 0),1198.0,"$1,418.20","$1,699,000","$1,782,500",,"6,115",1948.0,29,33.993065,-118.452816,
,24.0,24-468733,11,SFR,S,218   Linnie Canal  ,Venice,4.0,3.00 (3 0 0 0),2627.0,"$1,328.51","$3,490,000","$3,300,000",,"2,856",1986.0,17,33.9843155,-118.4675777,
,1.0,24-468775,11,SFR,S,2800   Dell Ave ,Venice,4.0,5.00 (5 0 0 0),3634.0,"$1,444.69","$5,250,000","$4,889,900",,"5,212",2020.0,14,33.982642,-118.464761,
,49.0,24-470615,11,SFR,S,303   Venice Way ,Venice,3.0,4.00 (3 0 1 0),2934.0,"$1,020.79","$2,995,000","$2,900,000",,"1,772",2019.0,17,33.9874407,-118.4695588,
,31.0,24-471119,11,SFR,S,540   Altair Pl ,Venice,2.0,1.00 (1 0 0 0),758.0,"$1,972.30","$1,495,000","$1,350,000",,"2,706",1922.0,35,33.9897043,-118.4667105,
,45.0,24-471611,11,SFR,S,755   Marco Pl ,Venice,4.0,3.00 (3 0 0 0),2129.0,"$1,056.36","$2,249,000","$2,105,000",,"3,600",1912.0,82,33.992203,-118.4597617,
,1.0,24-471797,11,SFR,S,654   Vernon Ave ,Venice,4.0,3.00 (3 0 0 0),1923.0,"$1,247.53","$2,399,000","$2,360,000",,"4,803",1923.0,67,33.9975719,-118.4683985,
,1.0,24-471967,11,SFR,S,613   Santa Clara Ave ,Venice,4.0,5.00 (5 0 0 0),3644.0,"$1,531.01","$5,579,000","$5,579,000",,"5,172",2016.0,0,33.9927176,-118.4661608,
,26.0,24-472234,11,SFR,S,932   Rose Ave ,Venice,3.0,3.00 (3 0 0 0),2000.0,"$1,314","$2,628,000","$2,705,000",,"6,252",1961.0,11,34.0031297,-118.4642843,
,37.0,24-472689,11,SFR,S,758   Sunset Ave ,Venice,3.0,4.00 (3 0 1 0),2056.0,"$1,262.16","$2,595,000","$2,350,000",,"2,200",2018.0,25,33.9993104,-118.4670173,
,60.0,24-473173,11,SFR,S,853   AMOROSO PL ,VENICE,3.0,4.00 (3 0 1 0),3017.0,"$1,524.69","$4,600,000","$4,510,000",$0.00,"3,330",2008.0,5,33.9934136,-118.4580619,
,16.0,24-473175,11,SFR,S,802   Superba Ave ,Venice,1.0,1.00 (1 0 0 0),700.0,"$1,928.57","$1,350,000","$1,400,000",,"3,328",1948.0,13,33.9932484,-118.4596833,
,46.0,24-474579,11,SFR,S,1074   Amoroso Pl ,Venice,2.0,2.00 (1 1 0 0),1309.0,"$1,297.94","$1,699,000","$1,787,500",,"5,869",1950.0,14,33.9967318,-118.4551527,
,38.0,24-474591,11,SFR,S,239   Linnie Canal  ,Venice,3.0,5.00 (5 0 0 0),3600.0,"$1,276.39","$4,595,000","$4,545,000",,"2,850",2005.0,30,33.9853811,-118.4644746,
,31.0,24-474767,11,SFR,S,1059   Marco Pl ,Venice,3.0,3.00 (1 2 0 0),1175.0,"$1,871.49","$2,199,000","$2,050,000",,"4,000",1923.0,14,33.9961678,-118.4568206,
,20.0,25-476233,11,SFR,S,2228   Glencoe Ave ,Venice,3.0,2.00 (1 1 0 0),1417.0,"$1,478.48","$2,095,000","$2,455,000",,"5,854",1926.0,10,34.0062857,-118.4543453,
,18.0,25-477303,11,SFR,S,2611   Ocean Front Walk ,Venice,6.0,5.00 (5 0 0 0),4908.0,"$1,934.60","$9,495,000","$8,640,450",,"3,240",2013.0,15,33.9815718,-118.4688767,
,1.0,25-478123,11,SFR,S,555   Indiana Ave ,Venice,3.0,3.00 (3 0 0 0),1376.0,"$1,595.20","$2,195,000","$2,142,000",,"3,780",1912.0,22,33.9960413,-118.4697846,
,36.0,25-479095,11,SFR,S,829   Palms Blvd ,Venice,4.0,4.00 (3 1 0 0),2951.0,"$1,133.51","$3,345,000","$3,345,000",,"5,379",1990.0,12,33.9945223,-118.460903,
,26.0,25-481453,11,SFR,S,713   Palms Blvd ,Venice,3.0,3.00 (2 0 1 0),,$0,"$3,200,000","$3,070,000",,"5,402",1947.0,32,33.9924136,-118.4623681,
,21.0,25-482439,11,SFR,S,250   Rennie Ave ,Venice,2.0,1.00 (1 0 0 0),1414.0,"$1,236.92","$1,749,000","$1,671,636",,"4,356",1927.0,46,33.9991222,-118.4742112,
,30.0,25-482453,11,SFR,S,226   Carroll Canal  ,Venice,4.0,4.00 (3 0 1 0),2356.0,"$1,484.72","$3,498,000","$3,297,000",,"2,848",1978.0,31,33.9845688,-118.4677372,
,19.0,25-482667,11,SFR,S,2036   Glyndon Ave ,Venice,5.0,6.00 (5 0 1 0),4275.0,"$1,168.42","$4,995,000","$5,149,000",,"5,442",2024.0,14,34.0005341,-118.4526754,
,28.0,25-482883,11,SFR,S,1037   Victoria Ave ,Venice,3.0,5.00 (3 0 2 0),4177.0,"$2,033.76","$8,495,000","$8,250,000",,"10,415",2020.0,28,33.9960713,-118.4543089,
,13.0,25-482943,11,SFR,S,807   Superba Ave ,Venice,5.0,3.00 (1 0 2 0),2800.0,"$1,160.71","$3,250,000","$3,525,000",,"6,290",1907.0,16,33.9933871,-118.4598149,
,1.0,25-484005,11,SFR,S,916   Vernon Ave ,Venice,4.0,5.00 (4 0 1 0),3618.0,$939.47,"$3,399,000","$3,450,000",,"4,811",2024.0,5,34.0003828,-118.4638811,
,40.0,25-484513,11,SFR,S,404   Sherman Canal  ,Venice,4.0,5.00 (2 1 2 0),3950.0,"$1,645.57","$6,500,000","$6,300,000",,"2,850",2022.0,35,33.9831818,-118.465074,
,31.0,25-484529,11,SFR,S,1147   Harrison Ave ,Venice,4.0,4.00 (3 0 1 0),3400.0,$867.65,"$2,950,000","$2,680,000",,"4,780",2023.0,13,33.9904615,-118.4492168,
,28.0,25-485267,11,SFR,S,438   Howland Canal  ,Venice,3.0,4.00 (4 0 0 0),3593.0,"$1,356.80","$4,875,000","$4,355,000",,"2,850",2000.0,63,33.9843429,-118.4653541,
,32.0,25-486747,11,SFR,S,721   Indiana Ave ,Venice,4.0,3.00 (3 0 0 0),2670.0,"$1,179.78","$3,150,000","$3,025,000",,"4,800",1925.0,37,33.9977725,-118.4665227,
,22.0,25-487775,11,SFR,S,2405   Bryan Ave ,Venice,2.0,1.00 (1 0 0 0),939.0,"$1,698.62","$1,595,000","$1,550,000",,"3,600",1951.0,37,33.986374,-118.4571523,
,27.0,25-488415,11,SFR,S,1158   Grant Ave ,Venice,3.0,2.00 (2 0 0 0),1336.0,"$1,044.16","$1,395,000","$1,390,000",,"4,392",1947.0,25,33.9841779,-118.466189,
,31.0,25-489325,11,SFR,S,2335   Louella Ave ,Venice,3.0,3.00 (3 0 0 0),2088.0,"$1,242.82","$2,595,000","$2,520,000",,"6,110",1955.0,25,33.9972053,-118.4490569,
,31.0,25-490423,11,SFR,S,419   Rialto Ave ,Venice,3.0,2.00 (2 0 0 0),1617.0,"$2,096.47","$3,390,000","$3,005,000",,"2,220",1926.0,63,33.989058,-118.468388,
,35.0,25490725,11,SFR,S,2405   Grand Canal  ,Venice,3.0,3.00 (3 0 0 0),3398.0,"$1,103.59","$3,750,000","$3,500,000",,"2,519",2000.0,38,33.9836366,-118.4681388,
,72.0,25490875,11,SFR,S,2106   Glencoe Ave ,Venice,5.0,6.00 (6 0 0 0),3168.0,"$1,499.37","$4,750,000","$4,500,000",,"5,781",2020.0,84,34.0062857,-118.4543453,
,53.0,25491117,11,SFR,S,2214   Glyndon Ave ,Venice,5.0,4.00 (4 0 0 0),2591.0,$810.50,"$2,100,000","$1,925,000",,"5,659",1927.0,20,33.9983137,-118.4509786,
,1.0,25492975,11,SFR,S,1531   Glencoe Ave ,Venice,3.0,2.00 (2 0 0 0),1682.0,"$1,099.88","$1,850,000","$1,900,000",,"5,897",1949.0,10,34.0063662,-118.4545144,
,45.0,25494839,11,SFR,S,583   Grand BLVD ,VENICE,3.0,2.00 (2 0 0 0),1443.0,"$1,243.94","$1,795,000","$1,854,000",,"2,150",1923.0,11,33.9884984,-118.465096,
,2.0,25495483,11,SFR,S,2501   Ocean Front Walk ,Venice,4.0,5.00 (4 0 1 0),4569.0,"$2,024.29","$9,249,000","$8,878,000",,"2,527",2010.0,5,33.9819756,-118.4692298,
,27.0,25495751,11,SFR,S,816   California Ave ,Venice,4.0,5.00 (5 0 0 0),3202.0,"$1,247.66","$3,995,000","$3,637,500",,"4,043",1922.0,21,33.9951249,-118.4628106,
,5.0,25496515,11,SFR,S,2341   Clark Ave ,Venice,2.0,1.00 (1 0 0 0),808.0,"$1,856.43","$1,499,999","$1,360,000",,"3,613",1952.0,37,33.9841779,-118.466189,
,41.0,25497463,11,SFR,S,675   Mildred Ave ,Venice,3.0,3.00 (2 0 1 0),1678.0,$968.41,"$1,625,000","$1,600,000",$290.00,"11,707",1985.0,93,33.9869026,-118.4574493,
,1.0,25498077,11,SFR,S,518   Sunset Ave ,Venice,4.0,5.00 (3 0 2 0),3171.0,"$1,447.49","$4,590,000","$4,442,916",,"4,802",1984.0,47,33.9966734,-118.4719859,
,43.0,25498521,11,SFR,S,2341   Wilson Ave ,Venice,3.0,3.00 (3 0 0 0),2970.0,"$1,447.81","$4,300,000","$4,300,000",,"3,602",2008.0,7,33.9868282,-118.4580047,
,65.0,25499917,11,SFR,S,1223   Cabrillo Ave ,Venice,3.0,2.00 (1 0 1 0),1872.0,"$1,327.46","$2,485,000","$2,350,000",,"2,558",1906.0,41,33.9906315,-118.4685533,
,1.0,25501661,11,SFR,S,544   Broadway St ,Venice,3.0,3.00 (2 0 1 0),2182.0,"$1,143.45","$2,495,000","$2,495,000",,"2,499",2009.0,86,33.9939811,-118.469307,
,22.0,25502231,11,SFR,S,2337   Abbot Kinney Blvd ,Venice,3.0,3.00 (3 0 0 0),1916.0,"$1,041.23","$1,995,000","$2,050,000",,"1,393",2008.0,47,33.9879426,-118.4581328,
,19.0,25504525,11,SFR,S,725   Broadway St ,Venice,2.0,1.00 (1 0 0 0),,$0,"$1,450,000","$1,455,000",,"2,410",1925.0,21,33.996497,-118.4649448,
,1.0,25505225,11,SFR,S,423   28th Ave ,Venice,3.0,2.00 (2 0 0 0),1355.0,"$1,291.51","$1,750,000","$1,950,000",,"4,301",1940.0,13,33.9831078,-118.4644126,
,55.0,25505243,11,SFR,S,1149   Palms Blvd ,Venice,5.0,6.00 (6 0 0 0),3348.0,"$1,067.80","$3,575,000","$3,800,000",,"5,752",2018.0,11,34.0004676,-118.4570243,
,21.0,25505833,11,SFR,S,1121   Nowita Pl ,Venice,4.0,5.00 (4 0 1 0),2640.0,"$1,399.62","$3,695,000","$3,750,000",,"4,781",2017.0,4,33.9990707,-118.4566767,
,30.0,25507159,11,SFR,S,32   Dudley Ave ,Venice,3.0,3.00 (1 1 1 0),2530.0,"$1,500","$3,795,000","$3,496,000",,"3,751",,41,33.994527,-118.4791171,
,43.0,25507303,11,SFR,S,330   Rennie Ave #2,Venice,3.0,4.00 (1 1 2 0),2125.0,"$1,127.06","$2,395,000","$2,395,000",$173.50,"1,596",2021.0,9,33.997771,-118.4723971,
,1.0,25508919,11,SFR,S,721   Nowita Pl ,Venice,3.0,4.00 (3 0 1 0),2460.0,"$1,605.69","$3,950,000","$3,900,670",,"3,400",2000.0,4,33.9924102,-118.4613321,
,56.0,25513337,11,SFR,S,218   Carroll Ct ,Venice,4.0,4.00 (3 0 1 0),3151.0,"$1,394.80","$4,395,000","$4,500,000",,"2,851",2003.0,22,33.9843155,-118.4675777,
,31.0,25513381,11,SFR,S,628   Indiana Ave ,Venice,4.0,2.00 (2 0 0 0),2009.0,"$1,343.45","$2,699,000","$2,650,000",,"5,282",1952.0,18,33.9964866,-118.468577,
,36.0,25513609,11,SFR,S,1018   Oakwood Ave ,Venice,2.0,2.00 (2 0 0 0),984.0,"$1,753.05","$1,725,000","$1,697,500",,"3,838",1905.0,26,33.9963104,-118.4644424,
,1.0,25513685,11,SFR,S,932   Superba Ave ,Venice,3.0,2.00 (2 0 0 0),,$0,"$2,817,000","$2,817,000",,"3,600",1924.0,0,33.99529,-118.4582641,
,61.0,25513791,11,SFR,S,1601   Shell Ave ,Venice,7.0,7.00 (5 0 2 0),5600.0,"$1,239.29","$6,940,000","$6,250,000",,"5,740",2020.0,14,33.991944,-118.462408,
,40.0,25516365,11,SFR,S,741   Milwood Ave ,Venice,2.0,1.00 (1 0 0 0),1421.0,"$2,107.67","$2,995,000","$3,100,000",,"5,403",1949.0,2,33.993314,-118.4630203,
,1.0,25517257,11,SFR,S,1380   Rose Ave ,Venice,4.0,3.00 (2 0 1 0),1936.0,$978.82,"$1,895,000","$2,050,000",,"5,385",1965.0,13,34.0079438,-118.4552171,
,,25519727,11,SFR,S,218   5th Ave ,Venice,4.0,3.00 (3 0 0 0),2723.0,"$1,542.42","$4,200,000","$4,200,000",,"4,135",1928.0,13,33.9991294,-118.4753581,
,62.0,25521023,11,SFR,S,734   Milwood Ave ,Venice,5.0,5.00 (1 2 2 0),1895.0,"$1,767.81","$3,350,000","$3,100,000",,"5,403",1925.0,41,33.9931376,-118.4629148,
,41.0,25521029,11,SFR,S,649   Indiana Ave ,Venice,3.0,2.00 (1 1 0 0),,$0,"$2,275,000","$2,150,000",,"4,802",1954.0,46,33.9968674,-118.4682273,
,1.0,25522893,11,SFR,S,1215   Appleton Way ,Venice,8.0,11.00 (8 0 3 0),8564.0,"$1,576.37","$13,500,000","$9,500,000",,"21,783",2016.0,28,34.0030239,-118.4569417,
,15.0,25523387,11,SFR,S,209   Ruth Ave ,Venice,2.0,3.00 (2 0 1 0),1341.0,"$1,398.21","$1,875,000","$2,065,000",,"4,243",1951.0,7,34.000833,-118.4726745,
,1.0,25523563,11,SFR,S,935   Sunset Ave ,Venice,3.0,2.00 (2 0 0 0),1435.0,"$1,808.36","$2,595,000","$2,585,000",,"4,496",1961.0,10,34.0025223,-118.4637601,
,40.0,25523611,11,SFR,S,2439   Louella Ave ,Venice,5.0,3.00 (3 0 0 0),2443.0,$818.26,"$1,999,000","$1,920,000",,"5,851",1960.0,34,33.998927,-118.4502807,
,43.0,25523825,11,SFR,S,637   Vernon Ave ,Venice,3.0,2.00 (2 0 0 0),1918.0,"$1,172.58","$2,249,000","$2,179,000",,"4,803",1907.0,71,33.9974749,-118.4689489,
,46.0,25524215,11,SFR,S,1122   Grant Ave ,Venice,2.0,1.00 (1 0 0 0),1493.0,"$1,336.24","$1,995,000","$2,200,000",,"4,197",1929.0,11,33.9841779,-118.466189,
,22.0,25524263,11,SFR,S,25   18TH AVE ,VENICE,4.0,4.00 (4 0 0 0),2455.0,"$1,017.92","$2,499,000","$2,400,000",,"2,641",1986.0,46,33.9862624,-118.47217,
,26.0,25524883,11,SFR,S,2008   Penmar Ave ,Venice,3.0,3.00 (2 0 1 0),2007.0,"$1,043.85","$2,095,000","$2,074,565",$140.00,"62,999",1996.0,7,33.999669,-118.454673,
,37.0,25525341,11,SFR,S,49   Ozone Ave ,Venice,4.0,4.00 (4 0 0 0),3521.0,"$1,274.92","$4,489,000","$4,369,804",,"2,995",1908.0,15,33.9959968,-118.4799905,
,31.0,25525545,11,SFR,S,1378   Appleton Way ,Venice,6.0,4.00 (4 0 0 0),4860.0,"$1,357.00","$6,595,000","$6,750,000",,"10,898",2010.0,4,34.0048635,-118.4530864,
,1.0,25525777,11,SFR,S,1512   Glenavon Ave ,Venice,2.0,1.00 (1 0 0 0),850.0,"$2,176.47","$1,850,000","$1,850,000",,"5,970",1949.0,0,34.0061885,-118.4552037,
,43.0,25525855,11,SFR,S,524   Rialto Ave ,Venice,5.0,5.00 (4 0 1 0),3594.0,"$1,389.82","$4,995,000","$4,941,351",,"5,102",2009.0,9,33.9890174,-118.4664419,
,43.0,25525939,11,SFR,S,2222   Superior Ave ,Venice,3.0,2.00 (2 0 0 0),2304.0,$867.62,"$1,999,000","$2,215,000",,"8,526",1913.0,11,33.9963335,-118.4533924,
,2.0,25526057,11,SFR,S,710   California Ave ,Venice,4.0,5.00 (1 4 0 0),3738.0,"$1,371.05","$5,125,000","$5,114,600",,"5,370",2018.0,0,33.9933247,-118.4640587,
,1.0,25526093,11,SFR,S,125   Breeze Ave ,Venice,3.0,2.00 (2 0 0 0),1355.0,"$1,697.42","$2,300,000","$2,350,000",,"2,250",1912.0,25,33.991442,-118.4744621,
,25.0,25526526,11,SFR,S,1102   Oakwood Ave ,Venice,3.0,1.00 (1 0 0 0),1090.0,"$1,375.23","$1,499,000","$1,640,000",,"4,450",1947.0,14,33.9956182,-118.4638859,
,1.0,25526889,11,SFR,S,915   Nowita Pl ,Venice,3.0,3.00 (3 0 0 0),1905.0,"$1,572.18","$2,995,000","$2,940,000",,"3,400",1939.0,4,33.9954119,-118.4592419,
,8.0,25530859,11,SFR,S,236   5th Ave ,Venice,4.0,4.00 (4 0 0 0),3204.0,$685.08,"$2,195,000","$2,185,000",,"4,139",1925.0,44,33.9988787,-118.4751051,
,1.0,25531555,11,SFR,S,1411   Linden Ave ,Venice,2.0,1.00 (1 0 0 0),684.0,$952.49,"$651,500","$875,000",,"1,808",1921.0,19,33.995995,-118.46151,
,24.0,25531949,11,SFR,S,1352   Palms Blvd ,Venice,7.0,6.00 (5 0 1 0),4480.0,$892.41,"$3,998,000","$3,650,000",,"10,896",1923.0,34,33.999325,-118.4577264,
,28.0,25532011,11,SFR,S,434   Carroll Canal  ,Venice,3.0,3.00 (2 0 1 0),,$0,"$4,625,000","$4,625,000",,"2,850",1954.0,3,33.9853545,-118.4664188,
,39.0,25532173,11,SFR,S,214   Linnie Canal  ,Venice,3.0,3.00 (3 0 0 0),2039.0,"$1,618.44","$3,300,000","$3,245,000",,"2,847",1988.0,4,33.9843062,-118.4675929,
,11.0,25532317,11,SFR,S,717   California Ave ,Venice,2.0,1.00 (1 0 0 0),773.0,"$4,204.40","$3,250,000","$2,995,000",,"8,209",1954.0,53,33.993814,-118.463948,
,40.0,25535623,11,SFR,S,3000   Beach Ave ,Venice,2.0,2.00 (2 0 0 0),1020.0,"$1,593.14","$1,625,000","$1,658,250",,"3,838",1942.0,8,33.983556,-118.4607644,
,44.0,25536699,11,SFR,S,630   Brooks Ave ,Venice,3.0,3.00 (3 0 0 0),1933.0,"$1,652.87","$3,195,000","$3,200,000",,"5,196",1948.0,11,33.9957653,-118.4679119,
,22.0,25539281,11,SFR,S,746   Brooks Ave ,Venice,4.0,4.00 (3 0 1 0),2208.0,$903.53,"$1,995,000","$1,975,000",,"2,293",2018.0,26,33.9971979,-118.4652291,
,42.0,25540193,11,SFR,S,2228   Walnut Ave ,Venice,3.0,3.00 (3 0 0 0),2600.0,$884.62,"$2,300,000","$2,400,000",,"5,845",1990.0,13,33.9976674,-118.4517944,
,1.0,25541379,11,SFR,S,2450   Glencoe Ave ,Venice,5.0,5.00 (5 0 0 0),3230.0,"$1,114.55","$3,600,000","$3,405,000",,"5,844",2017.0,36,34.0062857,-118.4543453,
,58.0,25541443,11,SFR,S,2337   Cloy Ave ,Venice,3.0,2.00 (1 1 0 0),1112.0,"$1,659.17","$1,845,000","$1,600,000",,"3,603",1951.0,29,33.986972,-118.4596393,
,1.0,25542389,11,SFR,S,729   Superba Ave ,Venice,4.0,3.00 (3 0 0 0),2669.0,$992.88,"$2,650,000","$2,480,000",,"3,399",1913.0,46,33.9922079,-118.4606342,
,34.0,25543617,11,SFR,S,666   Marr St ,Venice,3.0,2.00 (2 0 0 0),1991.0,$894.02,"$1,780,000","$1,660,000",,"2,613",1953.0,34,33.9875908,-118.4558425,
,1.0,25544199,11,SFR,S,1246   Morningside Way ,Venice,6.0,7.00 (6 0 1 0),5587.0,"$1,162.52","$6,495,000","$6,300,000",,"10,863",2025.0,40,34.0044329,-118.4564391,
,45.0,25544767,11,SFR,S,1029   Amoroso Pl ,Venice,3.0,3.00 (3 0 0 0),1831.0,"$1,419.99","$2,600,000","$2,590,000",,"4,332",1924.0,0,33.9961749,-118.4557683,
,1.0,25544925,11,SFR,S,749   Oxford Ave Ave ,Venice,3.0,3.00 (2 0 1 0),1753.0,"$1,423.27","$2,495,000","$2,490,000",,"2,428",2020.0,13,33.9861859,-118.452865,
,48.0,25546451,11,SFR,S,823   Oxford Ave ,Marina Del Rey,3.0,3.00 (3 0 0 0),2226.0,"$1,235.40","$2,750,000","$2,700,000",,"4,274",1973.0,12,33.9776848,-118.448647,
,1.0,25548219,11,SFR,S,717   Marco Pl ,Venice,4.0,3.00 (3 0 0 0),1910.0,"$1,044.50","$1,995,000","$1,958,000",,"3,600",1964.0,19,33.9917125,-118.4601025,
,13.0,25550081,11,SFR,S,1052   Palms Blvd ,Venice,4.0,6.00 (5 0 1 0),3770.0,"$1,021.22","$3,850,000","$3,850,000",,"6,063",2018.0,19,33.9985722,-118.4581134,
,44.0,25550967,11,SFR,S,839   Milwood Ave ,Venice,2.0,1.00 (1 0 0 0),918.0,"$1,955.34","$1,795,000","$1,785,000",,"4,378",1915.0,46,33.9951533,-118.4617415,
,1.0,25554607,11,SFR,S,2014   Glyndon Ave ,Venice,4.0,4.00 (4 0 0 0),5100.0,"$1,470.59","$7,500,000","$7,500,000",,"10,366",2010.0,0,34.000784,-118.4528664,
,1.0,25557739,11,SFR,S,2341   Clement Ave ,Venice,4.0,3.00 (3 0 0 0),1680.0,"$1,479.17","$2,485,000","$2,505,000",,"3,606",1951.0,8,33.9868372,-118.4612488,
,1.0,25571537,11,SFR,S,2040   Glencoe Ave ,Venice,3.0,2.00 (2 0 0 0),1261.0,"$1,348.14","$1,700,000","$1,700,000",,"5,468",1925.0,0,34.0062857,-118.4543453,
,1.0,25576917,11,SFR,S,618   Oxford Ave ,Venice,3.0,3.00 (3 0 0 0),3005.0,$971.71,"$2,920,000","$2,920,000",$450.00,"4,613",2001.0,0,33.9872442,-118.4575431,
,42.0,41097824CC,11,SFR,S,2228   Walnut Ave ,Unknown,3.0,3.00 (3 0 0 0),2400.0,$958.33,"$2,300,000","$2,400,000",,"5,843",1990.0,13,,,
,37.0,BB24221324MR,11,SFR,S,713   Flower AVE ,VENICE,2.0,2.00 (2 0 0 0),1680.0,$922.02,"$1,549,000","$1,550,000",$0.00,"5,798",1946.0,129,33.9998272,-118.4686697,
,,COMP24132325,11,SFR,S,2620   NAPLES AVE ,VENICE,2.0,1.00 (1 0 0 0),1322.0,"$1,743.57","$2,305,000","$2,305,000",,"6,221",1924.0,0,33.9929202,-118.452616,
,,COMP24133326,11,SFR,S,657   FLOWER AVE ,VENICE,3.0,1.00 (1 0 0 0),936.0,"$1,255.34","$1,175,000","$1,175,000",,"5,800",1922.0,0,33.999102,-118.4700359,
,,COMP24133358,11,SFR,S,816   VENEZIA AVE ,VENICE,5.0,2.00 (2 0 0 0),2066.0,"$1,355.28","$2,800,000","$2,800,000",,"4,200",1923.0,0,33.9924831,-118.4575463,
,,COMP24133608,11,SFR,S,821   SUPERBA AVE ,VENICE,3.0,3.00 (3 0 0 0),2419.0,"$1,467.55","$3,550,000","$3,550,000",,"3,144",1922.0,0,33.9935857,-118.4596769,
,,COMP24133798,11,SFR,S,1337   ABBOT KINNEY BLVD ,VENICE,1.0,1.00 (1 0 0 0),748.0,"$39,171.12","$29,300,000","$29,300,000",,"3,357",1908.0,0,33.9909389,-118.4668248,
,,COMP24135354,11,SFR,S,1040   VERNON AVE ,VENICE,4.0,2.00 (2 0 0 0),1615.0,"$1,065.02","$1,720,000","$1,720,000",,"5,000",1951.0,0,34.0033089,-118.4623913,
,,COMP24136082,11,SFR,S,28   23RD AVE ,VENICE,3.0,1.00 (1 0 0 0),2502.0,$411.47,"$1,029,500","$1,029,500",,"2,641",1939.0,0,33.9834636,-118.4698354,
,,COMP24136495,11,SFR,S,648   CRESTMOORE PL ,VENICE,3.0,2.00 (2 0 0 0),1725.0,"$2,608.70","$4,500,000","$4,500,000",,"4,206",1926.0,0,33.9887265,-118.4563232,
,,COMP24138118,11,SFR,S,516   SAN JUAN AVE ,VENICE,2.0,1.00 (1 0 0 0),833.0,"$2,010.80","$1,675,000","$1,675,000",,"5,201",1907.0,0,33.9922234,-118.4686883,
,,COMP24138827,11,SFR,S,237   5TH AVE ,VENICE,1.0,1.00 (1 0 0 0),657.0,"$2,283.11","$1,500,000","$1,500,000",,"4,129",1948.0,0,33.9987669,-118.4752627,
,,COMP24139084,11,SFR,S,2918   GRAYSON AVE ,VENICE,2.0,1.00 (1 0 0 0),2119.0,"$1,274.19","$2,700,000","$2,700,000",,"5,097",1948.0,0,33.9832202,-118.4627641,
,,COMP24139560,11,SFR,S,814   WOODLAWN AVE ,VENICE,3.0,2.00 (2 0 0 0),1463.0,"$1,469.58","$2,150,000","$2,150,000",,"5,654",1921.0,0,33.9914094,-118.4554864,
,,COMP24139640,11,SFR,S,1342   PRESTON WAY ,VENICE,3.0,2.00 (2 0 0 0),1800.0,"$1,527.78","$2,750,000","$2,750,000",,"10,898",1951.0,0,34.0034393,-118.453308,
,,COMP24140231,11,SFR,S,642   OXFORD AVE ,VENICE,3.0,3.00 (3 0 0 0),3005.0,$665.56,"$2,000,000","$2,000,000",,"3,508",2001.0,0,33.9870338,-118.4567419,
,,COMP24140351,11,SFR,S,2000   LOUELLA AVE ,VENICE,3.0,1.00 (1 0 0 0),1182.0,"$1,649.75","$1,950,000","$1,950,000",,"7,169",1948.0,0,34.001435,-118.452056,
,,COMP25140969,11,SFR,S,237   DIMMICK AVE ,VENICE,3.0,1.00 (1 0 0 0),1366.0,$651.54,"$890,000","$890,000",,"4,132",1948.0,0,33.9996468,-118.4738254,
,,COMP25141292,11,SFR,S,433   HOWLAND CANAL  ,VENICE,,1.00 (1 0 0 0),392.0,"$3,903.06","$1,530,000","$1,530,000",,"2,849",1921.0,0,33.9847215,-118.465075,
,,COMP25141341,11,SFR,S,2026   LOUELLA AVE ,VENICE,5.0,3.00 (3 0 0 0),892.0,"$1,905.83","$1,700,000","$1,700,000",,"5,460",1950.0,0,34.0011397,-118.4518302,
,,COMP25142425,11,SFR,S,2477   LOUELLA AVE ,VENICE,4.0,5.00 (5 0 0 0),3663.0,"$1,228.50","$4,500,000","$4,500,000",,"5,850",1921.0,0,33.998927,-118.4502807,
,,COMP25142922,11,SFR,S,349   7TH AVE ,VENICE,2.0,2.00 (2 0 0 0),942.0,"$1,656.05","$1,560,000","$1,560,000",,"2,654",1923.0,0,33.999807,-118.4691125,
,,COMP25143280,11,SFR,S,906   MILWOOD AVE ,VENICE,1.0,1.00 (1 0 0 0),564.0,"$2,526.60","$1,425,000","$1,425,000",,"4,376",1924.0,0,33.9960238,-118.4609087,
,,COMP25143789,11,SFR,S,2910   STRONGS DR ,VENICE,, (0 0 0 0),3310.0,"$1,287.01","$4,260,000","$4,260,000",,"3,084",1999.0,0,33.9809469,-118.4659494,
,,COMP25143825,11,SFR,S,745   MARCO PL ,VENICE,3.0,1.00 (1 0 0 0),1507.0,"$1,658.93","$2,500,000","$2,500,000",,"4,951",1913.0,0,33.992074,-118.4598513,
,,COMP25143872,11,SFR,S,2308   GRAND CANAL  ,VENICE,4.0,5.00 (5 0 0 0),3265.0,"$1,577.03","$5,149,000","$5,149,000",,"2,696",2010.0,0,33.9842314,-118.4684088,
,,COMP25144648,11,SFR,S,2412   WILSON AVE ,VENICE,2.0,1.00 (1 0 0 0),1014.0,"$1,577.91","$1,600,000","$1,600,000",,"3,600",1950.0,0,33.9862741,-118.4577557,
,,COMP25144691,11,SFR,S,1072   SUPERBA AVE ,VENICE,3.0,1.00 (1 0 0 0),1408.0,"$1,882.10","$2,650,000","$2,650,000",,"4,802",1926.0,0,33.9976383,-118.4564798,
,,COMP25145282,11,SFR,S,2446   PENMAR AVE ,VENICE,3.0,1.00 (1 0 0 0),1020.0,"$2,892.16","$2,950,000","$2,950,000",,"6,004",1952.0,0,33.9998041,-118.454909,
,,COMP25145618,11,SFR,S,543   RIALTO AVE ,VENICE,3.0,3.00 (3 0 0 0),2577.0,"$1,862.63","$4,800,000","$4,800,000",,"2,398",2005.0,0,33.989218,-118.465905,
,41.0,CV24065212MR,11,SFR,S,719   Coeur D Alene AVE ,VENICE,2.0,1.00 (1 0 0 0),710.0,"$2,359.15","$1,675,000","$1,675,000",$0.00,"4,202",1924.0,24,33.989197,-118.4541992,
,36.0,CV25098614MR,11,SFR,S,2218   Pacific AVE ,VENICE,2.0,2.00 (2 0 0 0),1080.0,"$1,342.59","$1,450,000","$1,300,000",$0.00,"2,861",1925.0,20,33.9841515,-118.4692628,
,3.0,DW24029483MR,11,SFR,S,631   Brooks AVE ,VENICE,3.0,1.00 (1 0 0 0),1319.0,"$1,156.18","$1,525,000","$1,550,000",$0.00,"5,268",1910.0,17,33.9959043,-118.4680179,
,24.0,DW24209285MR,11,SFR,S,1027   Pleasantview AVE ,VENICE,3.0,2.00 (2 0 0 0),1208.0,"$1,365.07","$1,649,000","$1,550,000",$0.00,"4,150",1947.0,102,33.9841779,-118.466189,
,4.0,IN23197759MR,11,SFR,S,1137   Nowita PL ,VENICE,3.0,2.00 (1 1 0 0),1524.0,"$1,082.68","$1,650,000","$1,572,433",$0.00,"4,782",1963.0,63,33.999368,-118.45647,
,52.0,LG24195724MR,11,SFR,S,2464   Walnut AVE ,VENICE,4.0,4.00 (3 0 1 0),3126.0,$927.67,"$2,899,900","$2,850,000",$0.00,"5,850",2008.0,20,33.9973272,-118.4516669,
,67.0,NDP2401372MR,11,SFR,S,2543   Walnut AVE ,VENICE,4.0,5.00 (5 0 0 0),3316.0,$301.57,"$1,000,000","$2,475,000",$0.00,"6,096",2022.0,44,33.9973272,-118.4516669,
,29.0,NDP2503014MR,11,SFR,S,107   Clubhouse AVE ,VENICE,2.0,1.00 (1 0 0 0),868.0,"$1,842.17","$1,599,000","$1,550,000",$0.00,"2,249",1910.0,62,33.9905402,-118.4737661,
,47.0,OC23190108MR,11,SFR,S,1113   Marco PL ,VENICE,4.0,4.00 (1 2 1 0),2192.0,"$1,140.05","$2,499,000","$2,425,000",$0.00,"4,000",2023.0,36,33.9979994,-118.4555461,
,31.0,OC24035130MR,11,SFR,S,668   Indiana AVE ,VENICE,3.0,1.00 (1 0 0 0),1020.0,"$1,563.73","$1,595,000","$1,530,000",$0.00,"5,280",1945.0,76,33.9969702,-118.4676656,
,38.0,OC24131328MR,11,SFR,S,648   Crestmoore PL ,VENICE,3.0,2.00 (2 0 0 0),1725.0,"$1,156.52","$1,995,000","$1,885,000",$0.00,"4,206",1926.0,66,33.9887265,-118.4563232,
,26.0,OC25009173MR,11,SFR,S,2214   Glencoe  ,VENICE,4.0,3.00 (2 1 0 0),2785.0,$754.04,"$2,100,000","$2,000,000",$0.00,"5,612",1927.0,118,34.0062857,-118.4543453,
,50.0,OC25035250MR,11,SFR,S,1040   Vernon AVE ,VENICE,3.0,3.00 (2 0 1 0),1615.0,"$1,455.11","$2,350,000","$2,310,000",$0.00,"5,000",1951.0,23,34.0033089,-118.4623913,
,25.0,P1-13856PF,11,SFR,S,524   Santa Clara AVE ,VENICE,2.0,1.00 (1 0 0 0),806.0,"$2,109.18","$1,699,999","$1,555,555",,"5,202",1948.0,60,33.9918337,-118.4674575,
,16.0,P1-15969PF,11,SFR,S,926   Garfield AVE ,VENICE,3.0,2.00 (1 1 0 0),1573.0,$889.38,"$1,399,000","$1,435,000",,"4,203",1947.0,41,33.9887564,-118.4528647,
,35.0,P1-21077PF,11,SFR,S,522   Indiana AVE ,VENICE,3.0,2.00 (2 0 0 0),1340.0,"$1,585.82","$2,125,000","$2,100,000",,"5,280",1923.0,90,33.9953834,-118.4706562,
,22.0,P1-21997PF,11,SFR,S,2809   Beach AVE ,VENICE,3.0,1.00 (1 0 0 0),1157.0,"$1,318.06","$1,525,000","$1,568,000",,"3,977",1942.0,31,33.9844189,-118.4617643,
,74.0,PV24054400MR,11,SFR,S,920   Marco PL ,VENICE,3.0,2.00 (2 0 0 0),1405.0,"$1,849.82","$2,599,000","$2,525,000",$0.00,"3,600",1927.0,17,33.9947992,-118.4577286,
,1.0,PV24137075MR,11,SFR,S,1084   Superba AVE ,VENICE,3.0,2.00 (2 0 0 0),1377.0,"$1,451.71","$1,999,000","$2,000,000",$0.00,"4,803",1927.0,15,33.9978428,-118.4563375,
,20.0,PW24201241MR,11,SFR,S,857   Milwood AVE ,VENICE,2.0,2.00 (0 2 0 0),843.0,"$1,601.42","$1,349,999","$1,349,999",$0.00,"2,515",1911.0,192,33.9953566,-118.4616003,
,38.0,PW24229451MR,11,SFR,S,245   Ruth AVE ,VENICE,2.0,1.00 (1 0 0 0),919.0,"$1,795.31","$1,649,888","$1,580,000",$0.00,"4,255",1941.0,229,34.0003334,-118.4721863,
,15.0,SB23204269MR,11,SFR,S,210   Dimmick AVE ,VENICE,3.0,2.00 (2 0 0 0),1450.0,"$1,275.86","$1,850,000","$1,834,000",$0.00,"4,133",1941.0,8,34.0001164,-118.4740272,
,38.0,SB24049669MR,11,SFR,S,62   Rose AVE ,VENICE,2.0,2.00 (2 0 0 0),1200.0,"$1,332.50","$1,599,000","$1,425,000",$0.00,"3,640",1907.0,185,33.9952699,-118.4791491,
,13.0,SB24074183MR,11,SFR,S,1016   Palms BLVD ,VENICE,2.0,1.00 (1 0 0 0),1036.0,"$1,543.44","$1,599,000","$1,300,000",$0.00,"6,063",1941.0,25,33.9978922,-118.458586,
,41.0,SB24103074MR,11,SFR,S,648   Angelus PL ,VENICE,2.0,3.00 (1 1 1 0),1304.0,"$1,457.06","$1,900,000","$1,950,000",$0.00,"3,005",1977.0,15,33.995044,-118.4668875,
,5.0,SB24238615MR,11,SFR,S,1116   Rose AVE ,VENICE,3.0,2.00 (2 0 0 0),1500.0,$863.33,"$1,295,000","$1,500,000",$0.00,"6,008",1954.0,14,34.0049869,-118.4607307,
,40.0,SB24242578MR,11,SFR,S,627   Sunset AVE ,VENICE,8.0,10.00 (10 0 0 0),5603.0,$892.29,"$4,999,500","$4,950,000",$0.00,"5,798",2020.0,169,33.9980605,-118.4697404,
,23.0,SB25013925MR,11,SFR,S,123   Breeze Ave ,VENICE,2.0,3.00 (2 0 1 0),1086.0,"$1,749.54","$1,900,000","$1,855,000",$0.00,"2,252",1909.0,9,33.9914369,-118.4744713,
,1.0,SB25022894MR,11,SFR,S,1033   Palms BLVD ,VENICE,5.0,6.00 (5 0 1 0),3515.0,$911.81,"$3,205,000","$3,205,000",$0.00,"5,750",2023.0,0,33.9982764,-118.458547,
,43.0,SB25081494MR,11,SFR,S,405   Howland Canal  ,VENICE,4.0,3.00 (2 0 1 0),1854.0,"$1,076.05","$1,995,000","$1,850,000",$0.00,"2,851",1921.0,39,33.984326,-118.4659782,
,1.0,SB25109069MR,11,SFR,S,2704   Strongs DR ,VENICE,2.0,2.00 (2 0 0 0),1723.0,"$1,247.82","$2,150,000","$1,700,000",$0.00,"2,610",1982.0,0,33.9820152,-118.4668853,
,29.0,SB25122199MR,11,SFR,S,232   Howland Canal  ,VENICE,3.0,2.00 (2 0 0 0),1475.0,"$1,354.58","$1,998,000","$2,000,000",$0.00,"2,852",1921.0,35,33.9832292,-118.466565,
,52.0,SR23222467MR,11,SFR,S,2314   Clement AVE ,VENICE,3.0,3.00 (3 0 0 0),2286.0,"$1,170.17","$2,675,000","$2,625,000",$0.00,"3,601",1953.0,44,33.9870493,-118.4610701,
,2.0,SR24005651MR,11,SFR,S,34   Breeze AVE ,VENICE,3.0,2.00 (2 0 0 0),1212.0,"$1,402.64","$1,700,000","$1,750,000",$0.00,"2,698",1908.0,26,33.9904436,-118.4756168,
,1.0,SR24027456MR,11,SFR,S,2104   Pisani PL ,VENICE,2.0,1.00 (1 0 0 0),1404.0,"$1,103.99","$1,550,000","$1,550,000",$0.00,"4,632",1911.0,0,33.9910543,-118.4572644,
,16.0,SR24093219MR,11,SFR,S,1000   Indiana AVE ,VENICE,3.0,2.00 (2 0 0 0),1452.0,"$1,584.02","$2,299,999","$2,285,000",$0.00,"5,104",1951.0,5,34.003175,-118.461525,
,33.0,SR24124568MR,11,SFR,S,1325   Appleton WAY ,VENICE,5.0,2.00 (2 0 0 0),1888.0,"$1,218.22","$2,300,000","$2,375,000",$0.00,"10,905",1951.0,27,34.0042642,-118.454592,
,29.0,SR24138565MR,11,SFR,S,2918   Clune AVE ,VENICE,2.0,1.00 (1 0 0 0),854.0,"$1,990.52","$1,699,900","$1,586,000",$0.00,"5,157",1940.0,66,33.9826129,-118.4634851,
,26.0,SR24157413MR,11,SFR,S,419   28th AVE ,VENICE,3.0,4.00 (4 0 0 0),3343.0,"$1,196.23","$3,999,000","$3,800,000",$0.00,"4,301",2012.0,206,33.9830576,-118.4644951,
,73.0,SR24159031MR,11,SFR,S,724   Flower AVE ,VENICE,3.0,2.00 (2 0 0 0),1279.0,"$1,562.16","$1,998,000","$1,960,000",$0.00,"5,794",1923.0,36,33.9998214,-118.4683125,
,27.0,SR24182966MR,11,SFR,S,2104   Pisani PL ,VENICE,2.0,2.00 (2 0 0 0),1404.0,"$1,492.17","$2,095,000","$2,095,000",$0.00,"4,632",1911.0,30,33.9910543,-118.4572644,
,11.0,SR25017374MR,11,SFR,S,1024   Palms BLVD ,VENICE,5.0,2.00 (2 0 0 0),1946.0,$847.89,"$1,650,000","$1,650,000",$0.00,"6,063",1924.0,6,33.9980433,-118.458481,
,32.0,SR25109371MR,11,SFR,S,929   Lake ST ,VENICE,3.0,2.00 (1 1 0 0),1500.0,"$1,233.33","$1,850,000","$1,900,000",$0.00,"4,818",1946.0,11,33.9997504,-118.4622217,
,19.0,TR24234472MR,11,SFR,S,1500   Louella AVE ,VENICE,3.0,2.00 (2 0 0 0),1050.0,"$1,514.29","$1,590,000","$1,625,000",$0.00,"5,963",1949.0,7,34.005885,-118.456024,
